<annotation>
	<folder>MARMOT_ANNOTATION</folder>
	<filename>10.1.1.177.3004_17.bmp</filename>
	<path>/home/monika/Desktop/MARMOT_ANNOTATION/10.1.1.177.3004_17.bmp</path>
	<source>
		<database>Unknown</database>
	</source>
	<size>
		<width>640</width>
		<height>960</height>
		<depth>1</depth>
	</size>
	<segmented>0</segmented>
	<object>
		<name>column</name>
		<pose>Unspecified</pose>
		<truncated>0</truncated>
		<difficult>0</difficult>
		<bndbox>
			<xmin>92</xmin>
			<ymin>447</ymin>
			<xmax>157</xmax>
			<ymax>602</ymax>
		</bndbox>
	</object>
	<object>
		<name>column</name>
		<pose>Unspecified</pose>
		<truncated>0</truncated>
		<difficult>0</difficult>
		<bndbox>
			<xmin>172</xmin>
			<ymin>448</ymin>
			<xmax>259</xmax>
			<ymax>602</ymax>
		</bndbox>
	</object>
	<object>
		<name>column</name>
		<pose>Unspecified</pose>
		<truncated>0</truncated>
		<difficult>0</difficult>
		<bndbox>
			<xmin>282</xmin>
			<ymin>450</ymin>
			<xmax>366</xmax>
			<ymax>602</ymax>
		</bndbox>
	</object>
	<object>
		<name>column</name>
		<pose>Unspecified</pose>
		<truncated>0</truncated>
		<difficult>0</difficult>
		<bndbox>
			<xmin>398</xmin>
			<ymin>448</ymin>
			<xmax>541</xmax>
			<ymax>602</ymax>
		</bndbox>
	</object>
</annotation>
