<annotation>
	<folder>MARMOT_ANNOTATION</folder>
	<filename>10.1.1.37.368_2.bmp</filename>
	<path>/home/monika/Desktop/MARMOT_ANNOTATION/10.1.1.37.368_2.bmp</path>
	<source>
		<database>Unknown</database>
	</source>
	<size>
		<width>794</width>
		<height>1123</height>
		<depth>1</depth>
	</size>
	<segmented>0</segmented>
	<object>
		<name>column</name>
		<pose>Unspecified</pose>
		<truncated>0</truncated>
		<difficult>0</difficult>
		<bndbox>
			<xmin>429</xmin>
			<ymin>72</ymin>
			<xmax>569</xmax>
			<ymax>252</ymax>
		</bndbox>
	</object>
	<object>
		<name>column</name>
		<pose>Unspecified</pose>
		<truncated>0</truncated>
		<difficult>0</difficult>
		<bndbox>
			<xmin>586</xmin>
			<ymin>71</ymin>
			<xmax>733</xmax>
			<ymax>252</ymax>
		</bndbox>
	</object>
</annotation>
