<annotation>
	<folder>MARMOT_ANNOTATION</folder>
	<filename>10.1.1.193.1807_1.bmp</filename>
	<path>/home/monika/Desktop/MARMOT_ANNOTATION/10.1.1.193.1807_1.bmp</path>
	<source>
		<database>Unknown</database>
	</source>
	<size>
		<width>794</width>
		<height>1123</height>
		<depth>1</depth>
	</size>
	<segmented>0</segmented>
	<object>
		<name>column</name>
		<pose>Unspecified</pose>
		<truncated>0</truncated>
		<difficult>0</difficult>
		<bndbox>
			<xmin>405</xmin>
			<ymin>833</ymin>
			<xmax>598</xmax>
			<ymax>949</ymax>
		</bndbox>
	</object>
	<object>
		<name>column</name>
		<pose>Unspecified</pose>
		<truncated>0</truncated>
		<difficult>0</difficult>
		<bndbox>
			<xmin>621</xmin>
			<ymin>836</ymin>
			<xmax>662</xmax>
			<ymax>953</ymax>
		</bndbox>
	</object>
	<object>
		<name>column</name>
		<pose>Unspecified</pose>
		<truncated>0</truncated>
		<difficult>0</difficult>
		<bndbox>
			<xmin>691</xmin>
			<ymin>837</ymin>
			<xmax>722</xmax>
			<ymax>952</ymax>
		</bndbox>
	</object>
</annotation>
