<annotation>
	<folder>MARMOT_ANNOTATION</folder>
	<filename>10.1.1.1.2091_6.bmp</filename>
	<path>/home/monika/Desktop/MARMOT_ANNOTATION/10.1.1.1.2091_6.bmp</path>
	<source>
		<database>Unknown</database>
	</source>
	<size>
		<width>793</width>
		<height>1123</height>
		<depth>1</depth>
	</size>
	<segmented>0</segmented>
	<object>
		<name>column</name>
		<pose>Unspecified</pose>
		<truncated>0</truncated>
		<difficult>0</difficult>
		<bndbox>
			<xmin>295</xmin>
			<ymin>418</ymin>
			<xmax>371</xmax>
			<ymax>569</ymax>
		</bndbox>
	</object>
	<object>
		<name>column</name>
		<pose>Unspecified</pose>
		<truncated>0</truncated>
		<difficult>0</difficult>
		<bndbox>
			<xmin>380</xmin>
			<ymin>419</ymin>
			<xmax>452</xmax>
			<ymax>569</ymax>
		</bndbox>
	</object>
	<object>
		<name>column</name>
		<pose>Unspecified</pose>
		<truncated>0</truncated>
		<difficult>0</difficult>
		<bndbox>
			<xmin>460</xmin>
			<ymin>419</ymin>
			<xmax>522</xmax>
			<ymax>570</ymax>
		</bndbox>
	</object>
</annotation>
