<annotation>
	<folder>MARMOT_ANNOTATION</folder>
	<filename>10.1.1.20.2130_26.bmp</filename>
	<path>/home/monika/Desktop/MARMOT_ANNOTATION/10.1.1.20.2130_26.bmp</path>
	<source>
		<database>Unknown</database>
	</source>
	<size>
		<width>816</width>
		<height>1056</height>
		<depth>1</depth>
	</size>
	<segmented>0</segmented>
	<object>
		<name>column</name>
		<pose>Unspecified</pose>
		<truncated>0</truncated>
		<difficult>0</difficult>
		<bndbox>
			<xmin>150</xmin>
			<ymin>126</ymin>
			<xmax>253</xmax>
			<ymax>980</ymax>
		</bndbox>
	</object>
	<object>
		<name>column</name>
		<pose>Unspecified</pose>
		<truncated>0</truncated>
		<difficult>0</difficult>
		<bndbox>
			<xmin>428</xmin>
			<ymin>123</ymin>
			<xmax>525</xmax>
			<ymax>976</ymax>
		</bndbox>
	</object>
	<object>
		<name>column</name>
		<pose>Unspecified</pose>
		<truncated>0</truncated>
		<difficult>0</difficult>
		<bndbox>
			<xmin>607</xmin>
			<ymin>124</ymin>
			<xmax>691</xmax>
			<ymax>974</ymax>
		</bndbox>
	</object>
</annotation>
