<annotation>
	<folder>MARMOT_ANNOTATION</folder>
	<filename>10.1.1.190.2745_26.bmp</filename>
	<path>/home/monika/Desktop/MARMOT_ANNOTATION/10.1.1.190.2745_26.bmp</path>
	<source>
		<database>Unknown</database>
	</source>
	<size>
		<width>794</width>
		<height>1123</height>
		<depth>1</depth>
	</size>
	<segmented>0</segmented>
	<object>
		<name>column</name>
		<pose>Unspecified</pose>
		<truncated>0</truncated>
		<difficult>0</difficult>
		<bndbox>
			<xmin>112</xmin>
			<ymin>101</ymin>
			<xmax>406</xmax>
			<ymax>632</ymax>
		</bndbox>
	</object>
	<object>
		<name>column</name>
		<pose>Unspecified</pose>
		<truncated>0</truncated>
		<difficult>0</difficult>
		<bndbox>
			<xmin>442</xmin>
			<ymin>97</ymin>
			<xmax>470</xmax>
			<ymax>641</ymax>
		</bndbox>
	</object>
	<object>
		<name>column</name>
		<pose>Unspecified</pose>
		<truncated>0</truncated>
		<difficult>0</difficult>
		<bndbox>
			<xmin>501</xmin>
			<ymin>97</ymin>
			<xmax>548</xmax>
			<ymax>641</ymax>
		</bndbox>
	</object>
	<object>
		<name>column</name>
		<pose>Unspecified</pose>
		<truncated>0</truncated>
		<difficult>0</difficult>
		<bndbox>
			<xmin>584</xmin>
			<ymin>102</ymin>
			<xmax>615</xmax>
			<ymax>638</ymax>
		</bndbox>
	</object>
	<object>
		<name>column</name>
		<pose>Unspecified</pose>
		<truncated>0</truncated>
		<difficult>0</difficult>
		<bndbox>
			<xmin>647</xmin>
			<ymin>99</ymin>
			<xmax>689</xmax>
			<ymax>635</ymax>
		</bndbox>
	</object>
</annotation>
