<annotation>
	<folder>MARMOT_ANNOTATION</folder>
	<filename>10.1.1.190.2735_45.bmp</filename>
	<path>/home/monika/Desktop/MARMOT_ANNOTATION/10.1.1.190.2735_45.bmp</path>
	<source>
		<database>Unknown</database>
	</source>
	<size>
		<width>816</width>
		<height>1056</height>
		<depth>1</depth>
	</size>
	<segmented>0</segmented>
	<object>
		<name>column</name>
		<pose>Unspecified</pose>
		<truncated>0</truncated>
		<difficult>0</difficult>
		<bndbox>
			<xmin>85</xmin>
			<ymin>520</ymin>
			<xmax>140</xmax>
			<ymax>922</ymax>
		</bndbox>
	</object>
	<object>
		<name>column</name>
		<pose>Unspecified</pose>
		<truncated>0</truncated>
		<difficult>0</difficult>
		<bndbox>
			<xmin>162</xmin>
			<ymin>522</ymin>
			<xmax>272</xmax>
			<ymax>935</ymax>
		</bndbox>
	</object>
	<object>
		<name>column</name>
		<pose>Unspecified</pose>
		<truncated>0</truncated>
		<difficult>0</difficult>
		<bndbox>
			<xmin>290</xmin>
			<ymin>522</ymin>
			<xmax>354</xmax>
			<ymax>927</ymax>
		</bndbox>
	</object>
	<object>
		<name>column</name>
		<pose>Unspecified</pose>
		<truncated>0</truncated>
		<difficult>0</difficult>
		<bndbox>
			<xmin>401</xmin>
			<ymin>524</ymin>
			<xmax>699</xmax>
			<ymax>926</ymax>
		</bndbox>
	</object>
</annotation>
