<annotation>
	<folder>MARMOT_ANNOTATION</folder>
	<filename>10.1.1.33.1506_16.bmp</filename>
	<path>/home/monika/Desktop/MARMOT_ANNOTATION/10.1.1.33.1506_16.bmp</path>
	<source>
		<database>Unknown</database>
	</source>
	<size>
		<width>816</width>
		<height>1056</height>
		<depth>1</depth>
	</size>
	<segmented>0</segmented>
	<object>
		<name>column</name>
		<pose>Unspecified</pose>
		<truncated>0</truncated>
		<difficult>0</difficult>
		<bndbox>
			<xmin>103</xmin>
			<ymin>251</ymin>
			<xmax>196</xmax>
			<ymax>548</ymax>
		</bndbox>
	</object>
	<object>
		<name>column</name>
		<pose>Unspecified</pose>
		<truncated>0</truncated>
		<difficult>0</difficult>
		<bndbox>
			<xmin>232</xmin>
			<ymin>248</ymin>
			<xmax>474</xmax>
			<ymax>549</ymax>
		</bndbox>
	</object>
</annotation>
