<annotation>
	<folder>MARMOT_ANNOTATION</folder>
	<filename>10.1.1.1.2145_15.bmp</filename>
	<path>/home/monika/Desktop/MARMOT_ANNOTATION/10.1.1.1.2145_15.bmp</path>
	<source>
		<database>Unknown</database>
	</source>
	<size>
		<width>964</width>
		<height>651</height>
		<depth>1</depth>
	</size>
	<segmented>0</segmented>
	<object>
		<name>column</name>
		<pose>Unspecified</pose>
		<truncated>0</truncated>
		<difficult>0</difficult>
		<bndbox>
			<xmin>64</xmin>
			<ymin>212</ymin>
			<xmax>123</xmax>
			<ymax>540</ymax>
		</bndbox>
	</object>
	<object>
		<name>column</name>
		<pose>Unspecified</pose>
		<truncated>0</truncated>
		<difficult>0</difficult>
		<bndbox>
			<xmin>143</xmin>
			<ymin>214</ymin>
			<xmax>238</xmax>
			<ymax>541</ymax>
		</bndbox>
	</object>
	<object>
		<name>column</name>
		<pose>Unspecified</pose>
		<truncated>0</truncated>
		<difficult>0</difficult>
		<bndbox>
			<xmin>266</xmin>
			<ymin>212</ymin>
			<xmax>307</xmax>
			<ymax>541</ymax>
		</bndbox>
	</object>
	<object>
		<name>column</name>
		<pose>Unspecified</pose>
		<truncated>0</truncated>
		<difficult>0</difficult>
		<bndbox>
			<xmin>346</xmin>
			<ymin>213</ymin>
			<xmax>524</xmax>
			<ymax>542</ymax>
		</bndbox>
	</object>
	<object>
		<name>column</name>
		<pose>Unspecified</pose>
		<truncated>0</truncated>
		<difficult>0</difficult>
		<bndbox>
			<xmin>556</xmin>
			<ymin>216</ymin>
			<xmax>627</xmax>
			<ymax>546</ymax>
		</bndbox>
	</object>
	<object>
		<name>column</name>
		<pose>Unspecified</pose>
		<truncated>0</truncated>
		<difficult>0</difficult>
		<bndbox>
			<xmin>656</xmin>
			<ymin>212</ymin>
			<xmax>838</xmax>
			<ymax>545</ymax>
		</bndbox>
	</object>
</annotation>
