<annotation>
	<folder>MARMOT_ANNOTATION</folder>
	<filename>10.1.1.185.1552_16.bmp</filename>
	<path>/home/monika/Desktop/MARMOT_ANNOTATION/10.1.1.185.1552_16.bmp</path>
	<source>
		<database>Unknown</database>
	</source>
	<size>
		<width>1056</width>
		<height>816</height>
		<depth>1</depth>
	</size>
	<segmented>0</segmented>
	<object>
		<name>column</name>
		<pose>Unspecified</pose>
		<truncated>0</truncated>
		<difficult>0</difficult>
		<bndbox>
			<xmin>71</xmin>
			<ymin>174</ymin>
			<xmax>511</xmax>
			<ymax>734</ymax>
		</bndbox>
	</object>
	<object>
		<name>column</name>
		<pose>Unspecified</pose>
		<truncated>0</truncated>
		<difficult>0</difficult>
		<bndbox>
			<xmin>571</xmin>
			<ymin>177</ymin>
			<xmax>595</xmax>
			<ymax>731</ymax>
		</bndbox>
	</object>
	<object>
		<name>column</name>
		<pose>Unspecified</pose>
		<truncated>0</truncated>
		<difficult>0</difficult>
		<bndbox>
			<xmin>710</xmin>
			<ymin>178</ymin>
			<xmax>726</xmax>
			<ymax>732</ymax>
		</bndbox>
	</object>
	<object>
		<name>column</name>
		<pose>Unspecified</pose>
		<truncated>0</truncated>
		<difficult>0</difficult>
		<bndbox>
			<xmin>770</xmin>
			<ymin>172</ymin>
			<xmax>951</xmax>
			<ymax>737</ymax>
		</bndbox>
	</object>
</annotation>
