<annotation>
	<folder>MARMOT_ANNOTATION</folder>
	<filename>10.1.1.1.2031_24.bmp</filename>
	<path>/home/shubham/Desktop/MARMOT_ANNOTATION/10.1.1.1.2031_24.bmp</path>
	<source>
		<database>Unknown</database>
	</source>
	<size>
		<width>794</width>
		<height>1123</height>
		<depth>1</depth>
	</size>
	<segmented>0</segmented>
	<object>
		<name>column</name>
		<pose>Unspecified</pose>
		<truncated>0</truncated>
		<difficult>0</difficult>
		<bndbox>
			<xmin>210</xmin>
			<ymin>504</ymin>
			<xmax>234</xmax>
			<ymax>588</ymax>
		</bndbox>
	</object>
	<object>
		<name>column</name>
		<pose>Unspecified</pose>
		<truncated>0</truncated>
		<difficult>0</difficult>
		<bndbox>
			<xmin>248</xmin>
			<ymin>503</ymin>
			<xmax>331</xmax>
			<ymax>589</ymax>
		</bndbox>
	</object>
	<object>
		<name>column</name>
		<pose>Unspecified</pose>
		<truncated>0</truncated>
		<difficult>0</difficult>
		<bndbox>
			<xmin>348</xmin>
			<ymin>505</ymin>
			<xmax>418</xmax>
			<ymax>588</ymax>
		</bndbox>
	</object>
	<object>
		<name>column</name>
		<pose>Unspecified</pose>
		<truncated>0</truncated>
		<difficult>0</difficult>
		<bndbox>
			<xmin>438</xmin>
			<ymin>503</ymin>
			<xmax>547</xmax>
			<ymax>587</ymax>
		</bndbox>
	</object>
	<object>
		<name>column</name>
		<pose>Unspecified</pose>
		<truncated>0</truncated>
		<difficult>0</difficult>
		<bndbox>
			<xmin>562</xmin>
			<ymin>503</ymin>
			<xmax>622</xmax>
			<ymax>586</ymax>
		</bndbox>
	</object>
</annotation>
