<annotation>
	<folder>MARMOT_ANNOTATION</folder>
	<filename>10.1.1.32.3210_5.bmp</filename>
	<path>/home/monika/Desktop/MARMOT_ANNOTATION/10.1.1.32.3210_5.bmp</path>
	<source>
		<database>Unknown</database>
	</source>
	<size>
		<width>685</width>
		<height>1019</height>
		<depth>1</depth>
	</size>
	<segmented>0</segmented>
	<object>
		<name>column</name>
		<pose>Unspecified</pose>
		<truncated>0</truncated>
		<difficult>0</difficult>
		<bndbox>
			<xmin>84</xmin>
			<ymin>171</ymin>
			<xmax>238</xmax>
			<ymax>411</ymax>
		</bndbox>
	</object>
	<object>
		<name>column</name>
		<pose>Unspecified</pose>
		<truncated>0</truncated>
		<difficult>0</difficult>
		<bndbox>
			<xmin>346</xmin>
			<ymin>201</ymin>
			<xmax>376</xmax>
			<ymax>408</ymax>
		</bndbox>
	</object>
	<object>
		<name>column</name>
		<pose>Unspecified</pose>
		<truncated>0</truncated>
		<difficult>0</difficult>
		<bndbox>
			<xmin>428</xmin>
			<ymin>202</ymin>
			<xmax>455</xmax>
			<ymax>408</ymax>
		</bndbox>
	</object>
	<object>
		<name>column</name>
		<pose>Unspecified</pose>
		<truncated>0</truncated>
		<difficult>0</difficult>
		<bndbox>
			<xmin>139</xmin>
			<ymin>562</ymin>
			<xmax>299</xmax>
			<ymax>801</ymax>
		</bndbox>
	</object>
	<object>
		<name>column</name>
		<pose>Unspecified</pose>
		<truncated>0</truncated>
		<difficult>0</difficult>
		<bndbox>
			<xmin>336</xmin>
			<ymin>592</ymin>
			<xmax>361</xmax>
			<ymax>801</ymax>
		</bndbox>
	</object>
	<object>
		<name>column</name>
		<pose>Unspecified</pose>
		<truncated>0</truncated>
		<difficult>0</difficult>
		<bndbox>
			<xmin>385</xmin>
			<ymin>592</ymin>
			<xmax>414</xmax>
			<ymax>799</ymax>
		</bndbox>
	</object>
</annotation>
