<annotation>
	<folder>MARMOT_ANNOTATION</folder>
	<filename>10.1.1.180.567_5.bmp</filename>
	<path>/home/monika/Desktop/MARMOT_ANNOTATION/10.1.1.180.567_5.bmp</path>
	<source>
		<database>Unknown</database>
	</source>
	<size>
		<width>528</width>
		<height>835</height>
		<depth>1</depth>
	</size>
	<segmented>0</segmented>
	<object>
		<name>column</name>
		<pose>Unspecified</pose>
		<truncated>0</truncated>
		<difficult>0</difficult>
		<bndbox>
			<xmin>61</xmin>
			<ymin>486</ymin>
			<xmax>147</xmax>
			<ymax>731</ymax>
		</bndbox>
	</object>
	<object>
		<name>column</name>
		<pose>Unspecified</pose>
		<truncated>0</truncated>
		<difficult>0</difficult>
		<bndbox>
			<xmin>160</xmin>
			<ymin>493</ymin>
			<xmax>185</xmax>
			<ymax>736</ymax>
		</bndbox>
	</object>
	<object>
		<name>column</name>
		<pose>Unspecified</pose>
		<truncated>0</truncated>
		<difficult>0</difficult>
		<bndbox>
			<xmin>198</xmin>
			<ymin>489</ymin>
			<xmax>361</xmax>
			<ymax>735</ymax>
		</bndbox>
	</object>
	<object>
		<name>column</name>
		<pose>Unspecified</pose>
		<truncated>0</truncated>
		<difficult>0</difficult>
		<bndbox>
			<xmin>373</xmin>
			<ymin>486</ymin>
			<xmax>441</xmax>
			<ymax>734</ymax>
		</bndbox>
	</object>
	<object>
		<name>column</name>
		<pose>Unspecified</pose>
		<truncated>0</truncated>
		<difficult>0</difficult>
		<bndbox>
			<xmin>451</xmin>
			<ymin>488</ymin>
			<xmax>487</xmax>
			<ymax>737</ymax>
		</bndbox>
	</object>
</annotation>
