<annotation>
	<folder>leftover</folder>
	<filename>10.1.1.6.2327_7.bmp</filename>
	<path>/home/shubham/Desktop/MARMOT_ANNOTATION/leftover/10.1.1.6.2327_7.bmp</path>
	<source>
		<database>Unknown</database>
	</source>
	<size>
		<width>816</width>
		<height>1056</height>
		<depth>1</depth>
	</size>
	<segmented>0</segmented>
	<object>
		<name>column</name>
		<pose>Unspecified</pose>
		<truncated>0</truncated>
		<difficult>0</difficult>
		<bndbox>
			<xmin>110</xmin>
			<ymin>400</ymin>
			<xmax>182</xmax>
			<ymax>609</ymax>
		</bndbox>
	</object>
	<object>
		<name>column</name>
		<pose>Unspecified</pose>
		<truncated>0</truncated>
		<difficult>0</difficult>
		<bndbox>
			<xmin>207</xmin>
			<ymin>396</ymin>
			<xmax>417</xmax>
			<ymax>614</ymax>
		</bndbox>
	</object>
	<object>
		<name>column</name>
		<pose>Unspecified</pose>
		<truncated>0</truncated>
		<difficult>0</difficult>
		<bndbox>
			<xmin>427</xmin>
			<ymin>400</ymin>
			<xmax>692</xmax>
			<ymax>608</ymax>
		</bndbox>
	</object>
</annotation>
