<annotation>
	<folder>MARMOT_ANNOTATION</folder>
	<filename>10.1.1.1.2047_14.bmp</filename>
	<path>/home/monika/Desktop/MARMOT_ANNOTATION/10.1.1.1.2047_14.bmp</path>
	<source>
		<database>Unknown</database>
	</source>
	<size>
		<width>752</width>
		<height>984</height>
		<depth>3</depth>
	</size>
	<segmented>0</segmented>
	<object>
		<name>column</name>
		<pose>Unspecified</pose>
		<truncated>0</truncated>
		<difficult>0</difficult>
		<bndbox>
			<xmin>105</xmin>
			<ymin>590</ymin>
			<xmax>214</xmax>
			<ymax>857</ymax>
		</bndbox>
	</object>
	<object>
		<name>column</name>
		<pose>Unspecified</pose>
		<truncated>0</truncated>
		<difficult>0</difficult>
		<bndbox>
			<xmin>264</xmin>
			<ymin>591</ymin>
			<xmax>324</xmax>
			<ymax>856</ymax>
		</bndbox>
	</object>
	<object>
		<name>column</name>
		<pose>Unspecified</pose>
		<truncated>0</truncated>
		<difficult>0</difficult>
		<bndbox>
			<xmin>358</xmin>
			<ymin>619</ymin>
			<xmax>420</xmax>
			<ymax>857</ymax>
		</bndbox>
	</object>
	<object>
		<name>column</name>
		<pose>Unspecified</pose>
		<truncated>0</truncated>
		<difficult>0</difficult>
		<bndbox>
			<xmin>451</xmin>
			<ymin>620</ymin>
			<xmax>487</xmax>
			<ymax>857</ymax>
		</bndbox>
	</object>
	<object>
		<name>column</name>
		<pose>Unspecified</pose>
		<truncated>0</truncated>
		<difficult>0</difficult>
		<bndbox>
			<xmin>547</xmin>
			<ymin>620</ymin>
			<xmax>583</xmax>
			<ymax>857</ymax>
		</bndbox>
	</object>
</annotation>
