<annotation>
	<folder>leftover</folder>
	<filename>10.1.1.6.2366_6.bmp</filename>
	<path>/home/shubham/Desktop/MARMOT_ANNOTATION/leftover/10.1.1.6.2366_6.bmp</path>
	<source>
		<database>Unknown</database>
	</source>
	<size>
		<width>795</width>
		<height>1123</height>
		<depth>1</depth>
	</size>
	<segmented>0</segmented>
	<object>
		<name>column</name>
		<pose>Unspecified</pose>
		<truncated>0</truncated>
		<difficult>0</difficult>
		<bndbox>
			<xmin>135</xmin>
			<ymin>318</ymin>
			<xmax>246</xmax>
			<ymax>415</ymax>
		</bndbox>
	</object>
	<object>
		<name>column</name>
		<pose>Unspecified</pose>
		<truncated>0</truncated>
		<difficult>0</difficult>
		<bndbox>
			<xmin>292</xmin>
			<ymin>317</ymin>
			<xmax>368</xmax>
			<ymax>413</ymax>
		</bndbox>
	</object>
	<object>
		<name>column</name>
		<pose>Unspecified</pose>
		<truncated>0</truncated>
		<difficult>0</difficult>
		<bndbox>
			<xmin>433</xmin>
			<ymin>319</ymin>
			<xmax>514</xmax>
			<ymax>416</ymax>
		</bndbox>
	</object>
	<object>
		<name>column</name>
		<pose>Unspecified</pose>
		<truncated>0</truncated>
		<difficult>0</difficult>
		<bndbox>
			<xmin>579</xmin>
			<ymin>318</ymin>
			<xmax>654</xmax>
			<ymax>417</ymax>
		</bndbox>
	</object>
</annotation>
